{
  "display": {
    "icon": {
      "item": "minecraft:string"
    },
    "title": {
      "translate": "advancements.a_hacker.title"
    },
    "description": {
      "translate": "advancements.a_hacker.descr"
    },
    "frame": "task",
    "show_toast": true,
    "announce_to_chat": true,
    "hidden": false
  },
  "criteria": {
    "a_hacker": {
      "trigger": "minecraft:placed_block",
      "conditions": {
        "item": {
          "items": [
            "something_useful:ghost_stone"
          ]
        }
      }
    }
  },
  "parent": "something_useful:root"
}