{
  "type": "minecraft:crafting_shaped",
  "pattern": [
    "012",
    "345",
    "678"
  ],
  "key": {
    "0": {
      "item": "minecraft:obsidian"
    },
    "1": {
      "item": "minecraft:obsidian"
    },
    "2": {
      "item": "minecraft:obsidian"
    },
    "3": {
      "item": "minecraft:iron_block"
    },
    "4": {
      "item": "minecraft:anvil"
    },
    "5": {
      "item": "minecraft:iron_block"
    },
    "6": {
      "item": "minecraft:iron_block"
    },
    "7": {
      "item": "minecraft:blast_furnace"
    },
    "8": {
      "item": "minecraft:iron_block"
    }
  },
  "result": {
    "item": "something_useful:compressor",
    "count": 1
  }
}