{
  "type": "minecraft:crafting_shaped",
  "pattern": [
    "012",
    "345",
    "678"
  ],
  "key": {
    "0": {
      "item": "minecraft:string"
    },
    "1": {
      "item": "minecraft:string"
    },
    "2": {
      "item": "minecraft:string"
    },
    "3": {
      "item": "minecraft:string"
    },
    "4": {
      "item": "minecraft:deepslate"
    },
    "5": {
      "item": "minecraft:string"
    },
    "6": {
      "item": "minecraft:string"
    },
    "7": {
      "item": "minecraft:string"
    },
    "8": {
      "item": "minecraft:string"
    }
  },
  "result": {
    "item": "something_useful:ghost_deep",
    "count": 8
  }
}