{
  "display": {
    "icon": {
      "item": "something_useful:compressor"
    },
    "title": {
      "translate": "advancements.compress_everything.title"
    },
    "description": {
      "translate": "advancements.compress_everything.descr"
    },
    "frame": "task",
    "show_toast": true,
    "announce_to_chat": true,
    "hidden": false
  },
  "criteria": {
    "compress_everything": {
      "trigger": "minecraft:placed_block",
      "conditions": {
        "item": {
          "items": [
            "something_useful:compressor"
          ]
        }
      }
    }
  },
  "parent": "something_useful:root"
}