{
  "display": {
    "icon": {
      "item": "something_useful:compact_obsidian"
    },
    "title": {
      "translate": "advancements.it_is_so_hard.title"
    },
    "description": {
      "translate": "advancements.it_is_so_hard.descr"
    },
    "frame": "task",
    "show_toast": true,
    "announce_to_chat": true,
    "hidden": false
  },
  "criteria": {
    "it_is_so_hard": {
      "trigger": "minecraft:placed_block",
      "conditions": {
        "item": {
          "items": [
            "something_useful:compact_obsidian"
          ]
        }
      }
    }
  },
  "parent": "something_useful:compress_everything"
}