{
  "display": {
    "icon": {
      "item": "minecraft:glass"
    },
    "title": {
      "translate": "advancements.x_ray.title"
    },
    "description": {
      "translate": "advancements.x_ray.descr"
    },
    "frame": "task",
    "show_toast": true,
    "announce_to_chat": true,
    "hidden": false
  },
  "criteria": {
    "x_ray": {
      "trigger": "minecraft:placed_block",
      "conditions": {
        "item": {
          "items": [
            "something_useful:stone_glass"
          ]
        }
      }
    }
  },
  "parent": "something_useful:a_hacker"
}