{
  "_fv": 39,
  "_type": "achievement",
  "definition": {
    "achievementName": "It Is So Hard!",
    "achievementDescription": "place down a compact obsidian",
    "achievementIcon": {
      "value": "CUSTOM:CompactObsidian"
    },
    "background": "Default",
    "disableDisplay": false,
    "showPopup": true,
    "announceToChat": true,
    "hideIfNotCompleted": false,
    "rewardLoot": [],
    "rewardRecipes": [],
    "rewardFunction": "No function",
    "rewardXP": 0,
    "achievementType": "task",
    "parent": {
      "value": "CUSTOM:CompressEverything"
    },
    "triggerxml": "<xml xmlns=\"https://developers.google.com/blockly/xml\"><block type=\"block_placed\" x=\"47\" y=\"31\"><value name=\"block\"><block type=\"mcitem_allblocks\"><field name=\"value\">CUSTOM:CompactObsidian</field></block></value><next><block type=\"advancement_trigger\" deletable=\"false\"></block></next></block></xml>"
  }
}