{
  "_fv": 39,
  "_type": "gui",
  "definition": {
    "type": 0,
    "width": 176,
    "height": 166,
    "inventoryOffsetX": 0,
    "inventoryOffsetY": 0,
    "renderBgLayer": true,
    "doesPauseGame": false,
    "components": [
      {
        "type": "label",
        "data": {
          "name": "label_phone",
          "text": {
            "fixedValue": "Phone"
          },
          "color": {
            "value": -12829636,
            "falpha": 0.0
          },
          "x": 130,
          "y": 42
        }
      },
      {
        "type": "textfield",
        "data": {
          "placeholder": "",
          "name": "message",
          "width": 162,
          "height": 20,
          "x": 132,
          "y": 54
        }
      },
      {
        "type": "button",
        "data": {
          "name": "button_send",
          "text": "Send",
          "onClick": {
            "name": "Send"
          },
          "width": 54,
          "height": 20,
          "x": 186,
          "y": 142
        }
      },
      {
        "type": "checkbox",
        "data": {
          "name": "sendname",
          "text": "Send name",
          "isCheckedProcedure": {
            "name": "BooleanTrueForGUI"
          },
          "x": 132,
          "y": 76
        }
      },
      {
        "type": "checkbox",
        "data": {
          "name": "sendlocation",
          "text": "Send location",
          "x": 132,
          "y": 98
        }
      },
      {
        "type": "checkbox",
        "data": {
          "name": "sendinrange",
          "text": "Send in range",
          "x": 132,
          "y": 120
        }
      },
      {
        "type": "textfield",
        "data": {
          "placeholder": "1024",
          "name": "range",
          "width": 54,
          "height": 20,
          "x": 240,
          "y": 120
        }
      }
    ],
    "gridSettings": {
      "sx": 18,
      "sy": 18,
      "ox": 11,
      "oy": 15,
      "snapOnGrid": false
    }
  }
}