{
  "_fv": 39,
  "_type": "command",
  "definition": {
    "commandName": "trade",
    "permissionLevel": "No requirement",
    "argsxml": "<xml xmlns=\"https://developers.google.com/blockly/xml\"><block type=\"args_start\" deletable=\"false\" x=\"40\" y=\"40\"><next><block type=\"literal\"><field name=\"name\">sell</field><statement name=\"args\"><block type=\"number_default\"><field name=\"name\">number</field><statement name=\"args\"><block type=\"item\"><field name=\"name\">item</field><statement name=\"args\"><block type=\"number_default\"><field name=\"name\">money</field><statement name=\"args\"><block type=\"logic\"><field name=\"name\">location</field><statement name=\"args\"><block type=\"call_procedure\"><field name=\"procedure\">Sell</field></block></statement></block></statement></block></statement></block></statement></block></statement><next><block type=\"literal\"><field name=\"name\">buy</field><statement name=\"args\"><block type=\"number_default\"><field name=\"name\">number</field><statement name=\"args\"><block type=\"item\"><field name=\"name\">item</field><statement name=\"args\"><block type=\"number_default\"><field name=\"name\">money</field><statement name=\"args\"><block type=\"logic\"><field name=\"name\">location</field><statement name=\"args\"><block type=\"call_procedure\"><field name=\"procedure\">Buy</field></block></statement></block></statement></block></statement></block></statement></block></statement></block></next></block></next></block></xml>"
  }
}