{
  "type": "minecraft:crafting_shaped",
  "pattern": [
    "012",
    "345",
    "678"
  ],
  "key": {
    "0": {
      "item": "minecraft:repeater"
    },
    "1": {
      "item": "minecraft:end_rod"
    },
    "2": {
      "item": "minecraft:comparator"
    },
    "3": {
      "item": "minecraft:netherite_ingot"
    },
    "4": {
      "item": "minecraft:diamond"
    },
    "5": {
      "item": "minecraft:netherite_ingot"
    },
    "6": {
      "item": "minecraft:netherite_ingot"
    },
    "7": {
      "item": "minecraft:beacon"
    },
    "8": {
      "item": "minecraft:netherite_ingot"
    }
  },
  "result": {
    "item": "something_useful:phone",
    "count": 1
  }
}