{
  "type": "minecraft:crafting_shapeless",
  "ingredients": [
    {
      "item": "something_useful:sliver_coin"
    },
    {
      "item": "something_useful:sliver_coin"
    },
    {
      "item": "something_useful:sliver_coin"
    },
    {
      "item": "something_useful:sliver_coin"
    },
    {
      "item": "something_useful:phone"
    },
    {
      "item": "something_useful:sliver_coin"
    },
    {
      "item": "something_useful:sliver_coin"
    },
    {
      "item": "something_useful:sliver_coin"
    },
    {
      "item": "something_useful:sliver_coin"
    }
  ],
  "result": {
    "item": "something_useful:gold_coin",
    "count": 1
  }
}