{
  "_fv": 39,
  "_type": "achievement",
  "definition": {
    "achievementName": "A Hacker!",
    "achievementDescription": "place down a ghost stone",
    "achievementIcon": {
      "value": "Items.STRING"
    },
    "background": "Default",
    "disableDisplay": false,
    "showPopup": true,
    "announceToChat": true,
    "hideIfNotCompleted": false,
    "rewardLoot": [],
    "rewardRecipes": [],
    "rewardFunction": "No function",
    "rewardXP": 0,
    "achievementType": "task",
    "parent": {
      "value": "CUSTOM:ROOT"
    },
    "triggerxml": "<xml xmlns=\"https://developers.google.com/blockly/xml\"><block type=\"block_placed\" x=\"54\" y=\"14\"><value name=\"block\"><block type=\"mcitem_allblocks\"><field name=\"value\">CUSTOM:GhostStone</field></block></value><next><block type=\"advancement_trigger\" deletable=\"false\"></block></next></block></xml>"
  }
}