{
  "_fv": 39,
  "_type": "gui",
  "definition": {
    "type": 1,
    "width": 176,
    "height": 166,
    "inventoryOffsetX": 0,
    "inventoryOffsetY": 0,
    "renderBgLayer": true,
    "doesPauseGame": false,
    "components": [
      {
        "type": "label",
        "data": {
          "name": "label_bin",
          "text": {
            "fixedValue": "Bin"
          },
          "color": {
            "value": -12829636,
            "falpha": 0.0
          },
          "x": 130,
          "y": 42
        }
      },
      {
        "type": "inputslot",
        "data": {
          "inputLimit": {
            "value": ""
          },
          "disablePlacement": {
            "fixedValue": false
          },
          "id": 0,
          "disablePickup": {
            "fixedValue": false
          },
          "dropItemsWhenNotBound": true,
          "x": 204,
          "y": 63
        }
      },
      {
        "type": "button",
        "data": {
          "name": "button_kill",
          "text": "KILL",
          "onClick": {
            "name": "TrashToBin"
          },
          "width": 46,
          "height": 20,
          "x": 190,
          "y": 82
        }
      }
    ],
    "gridSettings": {
      "sx": 18,
      "sy": 18,
      "ox": 11,
      "oy": 15,
      "snapOnGrid": false
    }
  }
}