{
  "_fv": 39,
  "_type": "recipe",
  "definition": {
    "recipeType": "Crafting",
    "xpReward": 0.0,
    "cookingTime": 200,
    "recipeRetstackSize": 8,
    "group": "",
    "recipeShapeless": true,
    "recipeSlots": [
      {
        "value": "Blocks.COBBLESTONE"
      },
      {
        "value": "Blocks.NETHER_WART"
      },
      {
        "value": ""
      },
      {
        "value": ""
      },
      {
        "value": ""
      },
      {
        "value": ""
      },
      {
        "value": ""
      },
      {
        "value": ""
      },
      {
        "value": ""
      }
    ],
    "recipeReturnStack": {
      "value": "CUSTOM:HalfNetherrack"
    },
    "name": "cobb_neth",
    "namespace": "mod"
  }
}