{
  "_fv": 39,
  "_type": "tool",
  "definition": {
    "renderType": 0,
    "texture": "cop",
    "customModelName": "Normal",
    "name": "Comp Obsi Pickaxe",
    "specialInfo": [],
    "creativeTab": {
      "value": "CUSTOM:SomethingUseful"
    },
    "toolType": "Pickaxe",
    "harvestLevel": 4,
    "efficiency": 11.0,
    "attackSpeed": 1.2,
    "enchantability": 21,
    "damageVsEntity": 6.0,
    "usageCount": 2266,
    "blocksAffected": [],
    "hasGlow": false,
    "repairItems": [
      {
        "value": "CUSTOM:CompactObsidian"
      }
    ],
    "immuneToFire": true,
    "stayInGridWhenCrafting": false,
    "damageOnCrafting": false
  }
}