{
  "_fv": 39,
  "_type": "recipe",
  "definition": {
    "recipeType": "Crafting",
    "xpReward": 0.0,
    "cookingTime": 200,
    "recipeRetstackSize": 1,
    "group": "",
    "recipeShapeless": true,
    "recipeSlots": [
      {
        "value": "CUSTOM:CopperCoin"
      },
      {
        "value": "CUSTOM:CopperCoin"
      },
      {
        "value": "CUSTOM:CopperCoin"
      },
      {
        "value": "CUSTOM:CopperCoin"
      },
      {
        "value": "CUSTOM:Phone"
      },
      {
        "value": "CUSTOM:CopperCoin"
      },
      {
        "value": "CUSTOM:CopperCoin"
      },
      {
        "value": "CUSTOM:CopperCoin"
      },
      {
        "value": "CUSTOM:CopperCoin"
      }
    ],
    "recipeReturnStack": {
      "value": "CUSTOM:SliverCoin"
    },
    "name": "c_to_s",
    "namespace": "mod"
  }
}