{
  "_fv": 39,
  "_type": "achievement",
  "definition": {
    "achievementName": "Information Age",
    "achievementDescription": "Get a phone",
    "achievementIcon": {
      "value": "CUSTOM:Phone"
    },
    "background": "Default",
    "disableDisplay": false,
    "showPopup": true,
    "announceToChat": true,
    "hideIfNotCompleted": false,
    "rewardLoot": [],
    "rewardRecipes": [],
    "rewardFunction": "No function",
    "rewardXP": 0,
    "achievementType": "task",
    "parent": {
      "value": "CUSTOM:ROOT"
    },
    "triggerxml": "<xml xmlns=\"https://developers.google.com/blockly/xml\"><block type=\"custom_trigger\" x=\"37\" y=\"41\"><next><block type=\"advancement_trigger\" deletable=\"false\"></block></next></block></xml>"
  }
}