{
  "_fv": 39,
  "_type": "feature",
  "definition": {
    "generationStep": "UNDERGROUND_ORES",
    "restrictionDimensions": [],
    "restrictionBiomes": [],
    "featurexml": "<xml xmlns=\"https://developers.google.com/blockly/xml\"><block type=\"feature_container\" deletable=\"false\" x=\"40\" y=\"40\"><value name=\"feature\"><block type=\"feature_replace_sphere\"><value name=\"targetState\"><block type=\"mcitem_allblocks\"><field name=\"value\">Blocks.STONE#0</field></block></value><value name=\"newState\"><block type=\"mcitem_allblocks\"><field name=\"value\">Blocks.OBSIDIAN</field></block></value><value name=\"radius\"><block type=\"int_provider_uniform\"><field name=\"min\">1</field><field name=\"max\">2</field></block></value></block></value><next><block type=\"placement_height_triangular\"><value name=\"min\"><block type=\"vertical_anchor_absolute\"><field name=\"value\">0</field></block></value><value name=\"max\"><block type=\"vertical_anchor_absolute\"><field name=\"value\">64</field></block></value><next><block type=\"placement_rarity\"><field name=\"rarity\">3</field></block></next></block></next></block></xml>"
  }
}