{
  "_fv": 39,
  "_type": "recipe",
  "definition": {
    "recipeType": "Crafting",
    "xpReward": 0.0,
    "cookingTime": 200,
    "recipeRetstackSize": 1,
    "group": "",
    "recipeShapeless": false,
    "recipeSlots": [
      {
        "value": "Items.REPEATER"
      },
      {
        "value": "Blocks.END_ROD"
      },
      {
        "value": "Items.COMPARATOR"
      },
      {
        "value": "Items.NETHERITE_INGOT"
      },
      {
        "value": "Items.DIAMOND"
      },
      {
        "value": "Items.NETHERITE_INGOT"
      },
      {
        "value": "Items.NETHERITE_INGOT"
      },
      {
        "value": "Blocks.BEACON"
      },
      {
        "value": "Items.NETHERITE_INGOT"
      }
    ],
    "recipeReturnStack": {
      "value": "CUSTOM:Phone"
    },
    "name": "phone_recipe",
    "namespace": "mod"
  }
}