{
  "_fv": 39,
  "_type": "achievement",
  "definition": {
    "achievementName": "Something Useful",
    "achievementDescription": "More Possibilities",
    "achievementIcon": {
      "value": "Blocks.ANVIL#0"
    },
    "background": "compact_iron_block.png",
    "disableDisplay": false,
    "showPopup": false,
    "announceToChat": false,
    "hideIfNotCompleted": false,
    "rewardLoot": [],
    "rewardRecipes": [],
    "rewardFunction": "No function",
    "rewardXP": 0,
    "achievementType": "task",
    "parent": {
      "value": "No parent: root"
    },
    "triggerxml": "<xml xmlns=\"https://developers.google.com/blockly/xml\"><block type=\"custom_trigger\" x=\"49\" y=\"45\"><next><block type=\"advancement_trigger\" deletable=\"false\"></block></next></block></xml>"
  }
}