{
  "_fv": 39,
  "_type": "command",
  "definition": {
    "commandName": "su",
    "permissionLevel": "2",
    "argsxml": "<xml xmlns=\"https://developers.google.com/blockly/xml\"><block type=\"args_start\" deletable=\"false\" x=\"40\" y=\"40\"><next><block type=\"literal\"><field name=\"name\">giveMoney</field><statement name=\"args\"><block type=\"entity\"><field name=\"name\">playerName</field><field name=\"type\">players</field><statement name=\"args\"><block type=\"number_default\"><field name=\"name\">money</field><statement name=\"args\"><block type=\"logic\"><field name=\"name\">isCopper</field><statement name=\"args\"><block type=\"call_procedure\"><field name=\"procedure\">GiveMoney</field></block></statement><next><block type=\"call_procedure\"><field name=\"procedure\">GMFalse</field></block></next></block></statement></block></statement></block></statement><next><block type=\"literal\"><field name=\"name\">coinCalc</field><statement name=\"args\"><block type=\"number_default\"><field name=\"name\">gold</field><statement name=\"args\"><block type=\"number_default\"><field name=\"name\">sliver</field><statement name=\"args\"><block type=\"number_default\"><field name=\"name\">copper</field><statement name=\"args\"><block type=\"call_procedure\"><field name=\"procedure\">CoinCalc</field></block></statement></block></statement></block></statement></block></statement><next><block type=\"literal\"><field name=\"name\">repair</field><statement name=\"args\"><block type=\"call_procedure\"><field name=\"procedure\">Repair</field></block></statement></block></next></block></next></block></next></block></xml>"
  }
}