{
  "_fv": 39,
  "_type": "achievement",
  "definition": {
    "achievementName": "You Are A Trash!",
    "achievementDescription": "Get a trash from compressor",
    "achievementIcon": {
      "value": "CUSTOM:Trash"
    },
    "background": "Default",
    "disableDisplay": false,
    "showPopup": true,
    "announceToChat": true,
    "hideIfNotCompleted": true,
    "rewardLoot": [],
    "rewardRecipes": [],
    "rewardFunction": "No function",
    "rewardXP": 0,
    "achievementType": "task",
    "parent": {
      "value": "CUSTOM:CompressEverything"
    },
    "triggerxml": "<xml xmlns=\"https://developers.google.com/blockly/xml\"><block type=\"custom_trigger\" x=\"80\" y=\"-44\"><next><block type=\"advancement_trigger\" deletable=\"false\"></block></next></block></xml>"
  }
}